{
  "refBase": { "A": 0.25, "C": 0.25, "G": 0.25, "T": 0.25 },
  "beginInsert": { "": 0.0277689 },
  "beginDelete": { "": 0.0492229 },
  "extendInsert": 0.641208,
  "extendDelete": 0.58723,
  "insert": {
    "A": { "p": 0.256329, "q": 0.871489, "r": 63.82, "m": 9.41099, "sd": 3.28614 },
    "C": { "p": 0.252614, "q": 0.913592, "r": 94.1305, "m": 8.90291, "sd": 3.12169 },
    "G": { "p": 0.238854, "q": 0.913233, "r": 94.1836, "m": 8.94846, "sd": 3.13028 },
    "T": { "p": 0.252203, "q": 0.914097, "r": 94.0276, "m": 8.83632, "sd": 3.10913 } },
  "match": {
   "": {
    "A": {
      "A": { "p": 0.918881, "q": 0.660339, "r": 25.6613, "m": 13.1995, "sd": 4.4709 },
      "C": { "p": 0.029335, "q": 0.909885, "r": 94.0963, "m": 9.3193, "sd": 3.20036 },
      "G": { "p": 0.036724, "q": 0.915103, "r": 94.1364, "m": 8.73333, "sd": 3.08926 },
      "T": { "p": 0.015059, "q": 0.825972, "r": 41.5396, "m": 8.75218, "sd": 3.25518 } },
    "C": {
      "A": { "p": 0.029342, "q": 0.910034, "r": 94.0764, "m": 9.3004, "sd": 3.19685 },
      "C": { "p": 0.89733, "q": 0.893706, "r": 94.0931, "m": 11.1911, "sd": 3.53866 },
      "G": { "p": 0.033796, "q": 0.918058, "r": 94.0738, "m": 8.39663, "sd": 3.02425 },
      "T": { "p": 0.039532, "q": 0.912633, "r": 94.0154, "m": 9.00016, "sd": 3.14034 } },
    "G": {
      "A": { "p": 0.029763, "q": 0.908957, "r": 94.0959, "m": 9.42484, "sd": 3.22007 },
      "C": { "p": 0.04435, "q": 0.906625, "r": 94.0483, "m": 9.68621, "sd": 3.26861 },
      "G": { "p": 0.918058, "q": 0.896984, "r": 94.0687, "m": 10.8035, "sd": 3.47049 },
      "T": { "p": 0.039532, "q": 0.914319, "r": 94.0985, "m": 8.81799, "sd": 3.10553 } },
    "T": {
      "A": { "p": 0.0199, "q": 0.784154, "r": 34.2059, "m": 9.41551, "sd": 3.46514 },
      "C": { "p": 0.035092, "q": 0.909149, "r": 94.0258, "m": 9.39597, "sd": 3.2148 },
      "G": { "p": 0.027833, "q": 0.915134, "r": 94.0354, "m": 8.72048, "sd": 3.08694 },
      "T": { "p": 0.917175, "q": 0.873812, "r": 83.4467, "m": 12.0506, "sd": 3.7136 } } } } }