{
  "nullEmit": 0.999697,
  "null": { "A": { "p": 0.610189, "r": 19.8473, "m": 12.6792, "sd": 4.55841 }, "C": { "p": 0.967256, "r": 321.069, "m": 10.869, "sd": 3.35215 }, "G": { "p": 0.899429, "r": 94.0014, "m": 10.5109, "sd": 3.41851 }, "T": { "p": 0.780304, "r": 40.991, "m": 11.5411, "sd": 3.84584 } } }