{
  "refBase": { "A": 0.25, "C": 0.25, "G": 0.25, "T": 0.25 },
  "beginInsert": { "": 0.1 },
  "beginDelete": { "": 0.01 },
  "extendInsert": 0.6,
  "extendDelete": 0.8,
  "insert": {
    "A": { "p": 0.5, "r": 43.314, "m": 43.314, "sd": 9.30742 },
    "C": { "p": 0.4, "r": 51.93, "m": 77.895, "sd": 13.9548 },
    "G": { "p": 0.3, "r": 48.114, "m": 112.266, "sd": 19.3448 },
    "T": { "p": 0.7, "r": 42.288, "m": 18.1234, "sd": 5.08828 } },
  "match": {
    "": {
    "A": {
      "A": { "p": 0.1, "r": 51.82, "m": 466.38, "sd": 68.292 },
      "C": { "p": 0.2, "r": 43.783, "m": 175.132, "sd": 29.5916 },
      "G": { "p": 0.3, "r": 49.968, "m": 116.592, "sd": 19.714 },
      "T": { "p": 0.4, "r": 45.215, "m": 67.8225, "sd": 13.0214 } },
    "C": {
      "A": { "p": 0.5, "r": 42.858, "m": 42.858, "sd": 9.25829 },
      "C": { "p": 0.6, "r": 43.903, "m": 29.2687, "sd": 6.98435 },
      "G": { "p": 0.7, "r": 50.409, "m": 21.6039, "sd": 5.55542 },
      "T": { "p": 0.8, "r": 48.411, "m": 12.1027, "sd": 3.88953 } },
    "G": {
      "A": { "p": 0.9, "r": 50.776, "m": 5.64178, "sd": 2.50373 },
      "C": { "p": 0.8, "r": 46.88, "m": 11.72, "sd": 3.82753 },
      "G": { "p": 0.7, "r": 51.539, "m": 22.0881, "sd": 5.61734 },
      "T": { "p": 0.6, "r": 48.299, "m": 32.1993, "sd": 7.32568 } },
    "T": {
      "A": { "p": 0.5, "r": 44.78, "m": 44.78, "sd": 9.46361 },
      "C": { "p": 0.51, "r": 49.218, "m": 47.2879, "sd": 9.62919 },
      "G": { "p": 0.52, "r": 50.108, "m": 46.2535, "sd": 9.43128 },
      "T": { "p": 0.53, "r": 50.516, "m": 44.7972, "sd": 9.19364 } } } } }